job_id,inferred,type
3887473071,0,Medical insurance
3887473071,0,Vision insurance
3887473071,0,Dental insurance
3887473071,0,401(k)
3887473071,0,Student loan assistance
3887473071,0,Tuition assistance
3884916106,0,Medical insurance
3884916106,0,Vision insurance
3884916106,0,Dental insurance
3884916106,0,401(k)
3884916106,0,Disability insurance
3884431523,0,Medical insurance
3884431523,0,Vision insurance
3884431523,0,Dental insurance
3884431523,0,401(k)
3884427968,1,401(k)
3884915161,0,Medical insurance
3884915161,0,Vision insurance
3884915161,0,Dental insurance
3884915161,0,401(k)
3884915161,0,Disability insurance
3884430505,1,401(k)
3884435029,0,Medical insurance
3884435029,0,Vision insurance
3884435029,0,Dental insurance
3884435029,0,401(k)
3884912506,0,Medical insurance
3884912506,0,Vision insurance
3884912506,0,Dental insurance
3884912506,0,401(k)
3884912506,0,Paid maternity leave
3884912506,0,Disability insurance
3884427971,1,401(k)
3884915264,1,401(k)
3884915264,1,Vision insurance
3884433280,0,Medical insurance
3884433280,0,Vision insurance
3884433280,0,Dental insurance
3884433280,0,401(k)
3884432469,0,Medical insurance
3884432469,0,Vision insurance
3884432469,0,Dental insurance
3884432469,0,401(k)
3884432469,0,Disability insurance
3884431497,1,401(k)
3887475014,1,Vision insurance
3887475014,1,Disability insurance
3887475014,1,401(k)
3884910870,0,Medical insurance
3884910870,0,Vision insurance
3884910870,0,Dental insurance
3884910870,0,401(k)
3884910870,0,Disability insurance
3884910870,0,Paid maternity leave
3887472403,0,Medical insurance
3887472403,0,Vision insurance
3887472403,0,Dental insurance
3887472403,0,401(k)
3887472403,0,Paid paternity leave
3887472403,0,Tuition assistance
3887472403,0,Paid maternity leave
3887472403,0,Student loan assistance
3887472403,0,Child care support
3887472403,0,Commuter benefits
3887472403,0,Disability insurance
3884435057,0,Medical insurance
3884435057,0,Vision insurance
3884435057,0,Dental insurance
3884435057,0,401(k)
3884435057,0,Paid maternity leave
3884435057,0,Paid paternity leave
3884435057,0,Tuition assistance
3884435057,0,Disability insurance
3884433292,0,Medical insurance
3884433292,0,Vision insurance
3884433292,0,Dental insurance
3884433292,0,401(k)
3887474296,1,401(k)
3884910873,0,Medical insurance
3884910873,0,Vision insurance
3884910873,0,Dental insurance
3884910873,0,401(k)
3884910873,0,Disability insurance
3884910873,0,Tuition assistance
3884914271,0,Medical insurance
3884914271,0,Vision insurance
3884914271,0,Dental insurance
3884914271,0,401(k)
3884914271,0,Tuition assistance
3884914271,0,Disability insurance
3884435043,1,401(k)
3884915359,0,Medical insurance
3884915359,0,Vision insurance
3884915359,0,Dental insurance
3884915359,0,401(k)
3884915359,0,Disability insurance
3884915359,0,Paid maternity leave
3884915359,0,Paid paternity leave
3884915359,0,Tuition assistance
3884912330,1,401(k)
3884912330,1,Medical insurance
3884427963,1,401(k)
3884432541,1,Commuter benefits
3887466991,1,Medical insurance
3884427965,1,401(k)
3884910962,0,Medical insurance
3884910962,0,Vision insurance
3884910962,0,Dental insurance
3884910962,0,401(k)
3884910962,0,Disability insurance
3884910962,0,Tuition assistance
3884912315,1,Medical insurance
3887469624,1,401(k)
3887469624,1,Medical insurance
3887473578,0,Medical insurance
3887473578,0,Vision insurance
3887473578,0,Dental insurance
3887473578,0,401(k)
3887478270,0,Medical insurance
3887478270,0,Vision insurance
3887478270,0,Dental insurance
3887478270,0,401(k)
3887478270,0,Tuition assistance
3884910761,1,Medical insurance
3884910761,1,401(k)
3884432540,1,401(k)
3884432540,1,Medical insurance
3884432540,1,Disability insurance
3884916322,1,401(k)
3884916322,1,Vision insurance
3887475299,0,Medical insurance
3887475299,0,Vision insurance
3887475299,0,Dental insurance
3887475299,0,401(k)
3887475299,0,Paid maternity leave
3887475299,0,Paid paternity leave
3887475299,0,Disability insurance
3884433240,0,Medical insurance
3884433240,0,Vision insurance
3884433240,0,Dental insurance
3884433240,0,401(k)
3884433240,0,Disability insurance
3887466670,1,401(k)
3887466670,1,Disability insurance
3884431490,1,401(k)
3884908929,1,401(k)
3884908929,1,Medical insurance
3800272386,1,Vision insurance
3800272386,1,Medical insurance
3800272386,1,Dental insurance
3800272386,1,401(k)
3800272386,1,Paid maternity leave
3800272386,1,Paid paternity leave
3800272386,1,Disability insurance
3884429552,1,401(k)
3884912486,0,Medical insurance
3884912486,0,Vision insurance
3884912486,0,Dental insurance
3887467642,1,401(k)
3887474156,0,Medical insurance
3887474156,0,Vision insurance
3887474156,0,Dental insurance
3884436105,1,401(k)
3884911730,0,Medical insurance
3884911730,0,Vision insurance
3884911730,0,Dental insurance
3884911730,0,401(k)
3884911730,0,Paid maternity leave
3884911730,0,Disability insurance
3887474506,1,Vision insurance
3887474506,1,401(k)
3887474506,1,Paid paternity leave
3887472874,0,Medical insurance
3887472874,0,Vision insurance
3887472874,0,Dental insurance
3887472874,0,401(k)
3887484192,1,401(k)
3887484192,1,Vision insurance
3884917136,0,Medical insurance
3884917136,0,Vision insurance
3884917136,0,Dental insurance
3884917136,0,401(k)
3884917136,0,Disability insurance
3884917136,0,Tuition assistance
3887470561,0,Medical insurance
3887470561,0,Vision insurance
3887470561,0,Dental insurance
3887470561,0,401(k)
3887470561,0,Paid maternity leave
3884436043,0,Medical insurance
3884436043,0,Vision insurance
3884436043,0,Dental insurance
3887484964,0,Medical insurance
3887484964,0,Vision insurance
3887484964,0,Dental insurance
3887484964,0,401(k)
3887484964,0,Commuter benefits
3887484964,0,Disability insurance
3887484964,0,Child care support
3887476341,0,Medical insurance
3884435204,0,Medical insurance
3884435204,0,Vision insurance
3884435204,0,Dental insurance
3884435204,0,401(k)
3884435204,0,Disability insurance
3887474462,0,Medical insurance
3887474462,0,Vision insurance
3887474462,0,Dental insurance
3887474462,0,401(k)
3887474462,0,Paid paternity leave
3887474462,0,Tuition assistance
3887474462,0,Paid maternity leave
3887474462,0,Student loan assistance
3887474462,0,Child care support
3887474462,0,Commuter benefits
3887474462,0,Disability insurance
3887474760,0,Medical insurance
3887474760,0,Vision insurance
3887474760,0,Dental insurance
3887474760,0,401(k)
3884427957,1,401(k)
3884436211,0,Medical insurance
3884436211,0,Vision insurance
3884436211,0,Dental insurance
3884436211,0,401(k)
3884436211,0,Paid paternity leave
3884436211,0,Paid maternity leave
3884436211,0,Child care support
3884436211,0,Pension plan
3884436211,0,Commuter benefits
3884436211,0,Student loan assistance
3884436211,0,Tuition assistance
3884436211,0,Disability insurance
3887473506,1,Medical insurance
3887473506,1,Disability insurance
3887473506,1,401(k)
3884431744,0,Medical insurance
3884431744,0,Vision insurance
3884431744,0,Dental insurance
3884431744,0,401(k)
3884431744,0,Paid paternity leave
3884431744,0,Paid maternity leave
3884426975,1,401(k)
3884436183,1,401(k)
3884429777,0,Medical insurance
3884429777,0,Vision insurance
3884429777,0,Dental insurance
3884429777,0,401(k)
3884429777,0,Pension plan
3884429777,0,Paid maternity leave
3884429777,0,Paid paternity leave
3884429777,0,Student loan assistance
3884429777,0,Tuition assistance
3884429777,0,Disability insurance
3887486875,0,Medical insurance
3887486875,0,Vision insurance
3887486875,0,Dental insurance
3887486875,0,401(k)
3884433392,0,Medical insurance
3884433392,0,Vision insurance
3884433392,0,Dental insurance
3884433392,0,401(k)
3884433392,0,Pension plan
3884433392,0,Child care support
3884433392,0,Paid maternity leave
3884433392,0,Paid paternity leave
3884433392,0,Tuition assistance
3884433392,0,Student loan assistance
3884433392,0,Commuter benefits
3884433392,0,Disability insurance
3887478665,0,Medical insurance
3887478665,0,Vision insurance
3887478665,0,Dental insurance
3887478665,0,401(k)
3887478665,0,Disability insurance
3887478665,0,Tuition assistance
3884914426,1,401(k)
3884914426,1,Commuter benefits
3884914426,1,Medical insurance
3887469905,0,Medical insurance
3887469905,0,Vision insurance
3887469905,0,Dental insurance
3887469905,0,401(k)
3887469905,0,Student loan assistance
3887479788,0,Medical insurance
3887479788,0,Vision insurance
3887479788,0,Dental insurance
3887479788,0,401(k)
3887477849,0,Medical insurance
3887477849,0,401(k)
3884426997,1,401(k)
3887492114,0,Medical insurance
3887492114,0,Vision insurance
3887492114,0,Dental insurance
3887492114,0,401(k)
3887492114,0,Paid maternity leave
3887492114,0,Paid paternity leave
3887492114,0,Tuition assistance
3887492114,0,Disability insurance
3887475359,1,401(k)
3887475359,1,Vision insurance
3887475359,1,Disability insurance
3884919105,1,401(k)
3887474520,0,Medical insurance
3887474520,0,Vision insurance
3887474520,0,Dental insurance
3887474520,0,401(k)
3884434165,0,Medical insurance
3884434165,0,Vision insurance
3884434165,0,Dental insurance
3884917125,0,Medical insurance
3884917125,0,Vision insurance
3884917125,0,Dental insurance
3884917125,0,401(k)
3884917125,0,Tuition assistance
3884917125,0,Disability insurance
3887471053,1,Medical insurance
3887485575,0,Medical insurance
3887485575,0,Vision insurance
3887485575,0,Dental insurance
3887485575,0,401(k)
3887485575,0,Paid maternity leave
3887493009,1,Medical insurance
3887493009,1,Dental insurance
3887493009,1,Vision insurance
3887493009,1,401(k)
3887493009,1,Pension plan
3887492533,1,401(k)
3884913839,1,Medical insurance
3884910775,1,401(k)
3884910775,1,Medical insurance
3884433426,0,Medical insurance
3884433426,0,Vision insurance
3884433426,0,Dental insurance
3884433426,0,401(k)
3884433426,0,Paid maternity leave
3884433426,0,Paid paternity leave
3884433426,0,Disability insurance
3884432583,1,401(k)
3887476338,1,Medical insurance
3887476338,1,Disability insurance
3887476338,1,401(k)
3884431598,0,Medical insurance
3884431598,0,Vision insurance
3884431598,0,Dental insurance
3884431598,0,401(k)
3884431598,0,Tuition assistance
3887486043,0,Medical insurance
3887486043,0,Vision insurance
3887486043,0,Dental insurance
3887486043,0,401(k)
3887486043,0,Disability insurance
3884429642,0,Medical insurance
3884429642,0,Vision insurance
3884429642,0,Dental insurance
3884429642,0,401(k)
3884429642,0,Paid paternity leave
3884429642,0,Paid maternity leave
3884429642,0,Tuition assistance
3884429642,0,Disability insurance
3884436098,0,401(k)
3884436098,0,Paid maternity leave
3884436098,0,Paid paternity leave
3884436098,0,Tuition assistance
3884436098,0,Disability insurance
3884436098,0,Medical insurance
3884436098,0,Vision insurance
3884436098,0,Dental insurance
3884919132,1,401(k)
3884908907,0,Medical insurance
3884908907,0,Vision insurance
3884908907,0,Dental insurance
3884908907,0,Paid maternity leave
3884908907,0,Paid paternity leave
3884912975,0,Medical insurance
3884912975,0,Vision insurance
3884912975,0,Dental insurance
3884912975,0,401(k)
3884435127,0,Medical insurance
3884435127,0,401(k)
3884435127,0,Pension plan
3884435127,0,Vision insurance
3884435127,0,Dental insurance
3884435127,0,Disability insurance
3887700229,0,Medical insurance
3887700229,0,Vision insurance
3887700229,0,Dental insurance
3887700229,0,401(k)
3887700229,0,Disability insurance
3884434129,0,Dental insurance
3884434129,0,Vision insurance
3884434129,0,Medical insurance
3884434129,0,401(k)
3884434129,0,Disability insurance
3884434129,0,Commuter benefits
3884434129,0,Paid paternity leave
3884434129,0,Paid maternity leave
3884432782,1,401(k)
3884432782,1,Medical insurance
3884432782,1,Vision insurance
3887488108,0,Medical insurance
3887488108,0,Vision insurance
3887488108,0,Dental insurance
3887488108,0,401(k)
3887488108,0,Child care support
3887488108,0,Commuter benefits
3887488108,0,Tuition assistance
3887488108,0,Disability insurance
3884914374,0,Medical insurance
3884914374,0,Dental insurance
3884914374,0,Vision insurance
3884914374,0,401(k)
3887499070,1,Medical insurance
3884917286,0,Medical insurance
3884917286,0,Vision insurance
3884917286,0,Dental insurance
3884917286,0,401(k)
3884917286,0,Tuition assistance
3884436569,0,Medical insurance
3884436569,0,Vision insurance
3884436569,0,Dental insurance
3884436569,0,401(k)
3884914800,0,Medical insurance
3884914800,0,Vision insurance
3884914800,0,Dental insurance
3884914800,0,401(k)
3884914800,0,Paid maternity leave
3884914800,0,Paid paternity leave
3884914800,0,Commuter benefits
3884914800,0,Student loan assistance
3884914800,0,Tuition assistance
3884914800,0,Disability insurance
3884917540,0,Medical insurance
3884917540,0,Vision insurance
3884917540,0,Dental insurance
3884917540,0,401(k)
3887467925,1,Medical insurance
3887467925,1,401(k)
3884912863,1,Medical insurance
3887472551,1,Medical insurance
3887472551,1,Disability insurance
3887472551,1,401(k)
3884434113,1,Vision insurance
3887482162,1,401(k)
3887482162,1,Vision insurance
3887493488,0,Medical insurance
3887493488,0,Vision insurance
3887493488,0,Dental insurance
3887493488,0,401(k)
3884435695,0,Medical insurance
3884435695,0,Pension plan
3884435695,0,Vision insurance
3884435695,0,Dental insurance
3884435695,0,401(k)
3887470524,1,Medical insurance
3887470524,1,401(k)
3884434250,1,401(k)
3884434250,1,Dental insurance
3884434250,1,Medical insurance
3884434250,1,Vision insurance
3887495113,0,Medical insurance
3887495113,0,Vision insurance
3887495113,0,Dental insurance
3887495113,0,401(k)
3887495113,0,Disability insurance
3887467937,0,Medical insurance
3887467937,0,Vision insurance
3887467937,0,Dental insurance
3887467937,0,401(k)
3884432610,1,401(k)
3884430512,1,401(k)
3884433408,0,Medical insurance
3884433408,0,Vision insurance
3884433408,0,Dental insurance
3884433408,0,401(k)
3884920026,1,401(k)
3887479503,1,401(k)
3887479503,1,Commuter benefits
3884923183,1,401(k)
3884923183,1,Dental insurance
3884434134,0,Medical insurance
3884434134,0,Vision insurance
3884434134,0,Dental insurance
3884434134,0,401(k)
3884919436,1,Vision insurance
3884919436,1,401(k)
3884919436,1,Commuter benefits
3884919436,1,Paid maternity leave
3884919436,1,Disability insurance
3887477342,0,Medical insurance
3887477342,0,Vision insurance
3887477342,0,Dental insurance
3887477342,0,401(k)
3887477342,0,Tuition assistance
3887477342,0,Disability insurance
3887493382,0,Medical insurance
3887493382,0,Vision insurance
3887493382,0,Dental insurance
3887493382,0,401(k)
3887493382,0,Tuition assistance
3884435384,1,Medical insurance
3887479188,1,401(k)
3884431973,1,401(k)
3884429852,1,Dental insurance
3884429852,1,Medical insurance
3884429852,1,Vision insurance
3887495574,0,Medical insurance
3887495574,0,Vision insurance
3887495574,0,Dental insurance
3887495574,0,401(k)
3887495574,0,Pension plan
3884435199,1,Vision insurance
3887473502,1,Medical insurance
3887473502,1,Disability insurance
3887473502,1,401(k)
3884436671,0,Medical insurance
3884436671,0,Vision insurance
3884436671,0,Dental insurance
3884436671,0,Disability insurance
3884436671,0,Commuter benefits
3887702146,1,401(k)
3884912331,1,Medical insurance
3884912331,1,401(k)
3887496603,1,401(k)
3887496603,1,Disability insurance
3884431771,1,401(k)
3884934009,0,Medical insurance
3884934009,0,Vision insurance
3884934009,0,Dental insurance
3884934009,0,401(k)
3887496217,1,401(k)
3884919744,1,Tuition assistance
3884919744,1,Medical insurance
3887473088,0,Medical insurance
3887473088,0,Vision insurance
3887473088,0,Dental insurance
3887473088,0,401(k)
3884437420,1,401(k)
3887700209,1,401(k)
3887700209,1,Medical insurance
3887491563,1,401(k)
3884919538,0,Medical insurance
3884919538,0,Vision insurance
3884919538,0,Dental insurance
3884919538,0,401(k)
3884919538,0,Tuition assistance
3884434764,0,Medical insurance
3884434764,0,Vision insurance
3884434764,0,Dental insurance
3884434764,0,401(k)
3884434764,0,Paid maternity leave
3884431797,1,Dental insurance
3884431797,1,Medical insurance
3884431797,1,Vision insurance
3884435301,0,Medical insurance
3884435301,0,Vision insurance
3884435301,0,Dental insurance
3884435301,0,401(k)
3884435301,0,Paid maternity leave
3884435301,0,Paid paternity leave
3884435301,0,Disability insurance
3884914640,1,401(k)
3887489526,0,Medical insurance
3887489526,0,Vision insurance
3887489526,0,Dental insurance
3887489526,0,401(k)
3887489526,0,Disability insurance
3887489526,0,Commuter benefits
3887489526,0,Child care support
3887489526,0,Tuition assistance
3887489526,0,Paid maternity leave
3887489526,0,Paid paternity leave
3884919109,1,401(k)
3884436566,0,Medical insurance
3884436566,0,Vision insurance
3884436566,0,Dental insurance
3884436566,0,Pension plan
3884436566,0,Paid maternity leave
3884436566,0,Paid paternity leave
3887700528,1,401(k)
3884435887,0,Medical insurance
3884435887,0,Vision insurance
3884435887,0,Dental insurance
3884435887,0,401(k)
3884435887,0,Disability insurance
3884435887,0,Paid maternity leave
3884435887,0,Paid paternity leave
3884912537,0,Medical insurance
3884912537,0,Vision insurance
3884912537,0,Dental insurance
3884912537,0,401(k)
3884912537,0,Tuition assistance
3887701056,1,401(k)
3887701056,1,Disability insurance
3887702633,0,Medical insurance
3887702633,0,Vision insurance
3887702633,0,Dental insurance
3887702633,0,401(k)
3887702633,0,Disability insurance
3887499542,1,401(k)
3884435829,1,401(k)
3887701518,1,401(k)
3887701518,1,Disability insurance
3884912600,0,Medical insurance
3884912600,0,Vision insurance
3884912600,0,Dental insurance
3884912600,0,401(k)
3884912600,0,Paid maternity leave
3884912600,0,Tuition assistance
3884912600,0,Disability insurance
3887495294,1,Medical insurance
3887495294,1,Vision insurance
3887495294,1,Dental insurance
3884928227,1,Vision insurance
3884928227,1,401(k)
3887499347,1,401(k)
3884438307,1,401(k)
3884440074,0,Medical insurance
3884440074,0,Vision insurance
3884440074,0,Dental insurance
3884440074,0,401(k)
3887494377,1,401(k)
3884435278,0,Medical insurance
3884435278,0,Vision insurance
3884435278,0,Dental insurance
3884435278,0,Pension plan
3884435278,0,Paid maternity leave
3884435278,0,Paid paternity leave
3884439235,0,Medical insurance
3884439235,0,Vision insurance
3884439235,0,Dental insurance
3884919534,0,Medical insurance
3884919534,0,Vision insurance
3884919534,0,Dental insurance
3884919534,0,401(k)
3887493104,1,401(k)
3884922078,1,Vision insurance
3884922078,1,401(k)
3884912743,0,Medical insurance
3884912743,0,Vision insurance
3884912743,0,Dental insurance
3884912743,0,401(k)
3887479250,0,Medical insurance
3887479250,0,Vision insurance
3887479250,0,Dental insurance
3887479250,0,401(k)
3884431807,0,Medical insurance
3884431807,0,Vision insurance
3884431807,0,Dental insurance
3884431807,0,401(k)
3884431807,0,Paid maternity leave
3884431807,0,Paid paternity leave
3884431807,0,Commuter benefits
3884431807,0,Disability insurance
3884926003,1,Medical insurance
3884926003,1,Paid paternity leave
3884926003,1,401(k)
3887483549,0,Medical insurance
3887483549,0,Vision insurance
3887483549,0,Dental insurance
3887483549,0,401(k)
3887483549,0,Disability insurance
3884435689,0,Medical insurance
3884435689,0,Vision insurance
3884435689,0,Dental insurance
3884435689,0,401(k)
3884435931,0,Medical insurance
3884435931,0,Vision insurance
3884435931,0,Dental insurance
3884435931,0,401(k)
3884915760,0,Medical insurance
3884915760,0,Vision insurance
3884915760,0,Dental insurance
3884915760,0,Pension plan
3884915760,0,Paid maternity leave
3887498347,1,401(k)
3887498347,1,Medical insurance
3884926672,1,Vision insurance
3884926672,1,401(k)
3887475356,1,401(k)
3887498742,1,Medical insurance
3887498742,1,Vision insurance
3887498742,1,Disability insurance
3887700602,1,401(k)
3887710464,1,401(k)
3884435811,0,Medical insurance
3884435811,0,Vision insurance
3884435811,0,Dental insurance
3884435811,0,401(k)
3887497009,1,Tuition assistance
3884430718,0,Medical insurance
3884430718,1,Vision insurance
3887707772,1,Medical insurance
3887496599,1,401(k)
3887496599,1,Disability insurance
3884436938,0,Medical insurance
3884436938,0,Vision insurance
3884436938,0,Dental insurance
3884436938,0,401(k)
3884436938,0,Paid maternity leave
3884436938,0,Paid paternity leave
3884436938,0,Disability insurance
3884442206,0,Medical insurance
3884442206,0,Vision insurance
3884442206,0,Dental insurance
3884442206,0,401(k)
3884442206,0,Tuition assistance
3884442206,0,Disability insurance
3887498577,1,401(k)
3887498577,1,Disability insurance
3884910764,1,Medical insurance
3884915082,1,Medical insurance
3884909891,1,Medical insurance
3884909891,1,401(k)
3884439351,1,Vision insurance
3887475348,1,Medical insurance
3887475348,1,Disability insurance
3887475348,1,401(k)
3884435949,1,Medical insurance
3884435949,1,401(k)
3884434802,1,401(k)
3818306840,1,Medical insurance
3818306840,1,Vision insurance
3818306840,1,Dental insurance
3884935167,1,Commuter benefits
3884935167,1,401(k)
3884935167,1,Tuition assistance
3887499463,1,401(k)
3887715456,1,401(k)
3884427966,1,401(k)
3884438082,0,Medical insurance
3884438082,0,Vision insurance
3884438082,0,Dental insurance
3884438082,0,401(k)
3887482152,1,401(k)
3887482152,1,Vision insurance
3884435908,1,Commuter benefits
3884440221,1,Vision insurance
3884440221,1,401(k)
3887477764,1,401(k)
3887477764,1,Vision insurance
3884922769,1,401(k)
3887482186,1,401(k)
3887482186,1,Vision insurance
3884436665,1,401(k)
3887477879,1,401(k)
3887477879,1,Vision insurance
3884440190,0,Medical insurance
3884440190,0,Vision insurance
3884440190,0,Dental insurance
3884440190,0,401(k)
3884440190,0,Paid maternity leave
3884440190,0,Paid paternity leave
3884937111,0,Medical insurance
3884937111,0,Pension plan
3884937111,0,Tuition assistance
3884937111,0,Disability insurance
3884937111,0,Paid maternity leave
3884937111,0,Vision insurance
3884937111,0,Dental insurance
3884937111,0,401(k)
3884938374,0,Medical insurance
3884938374,0,Vision insurance
3884938374,0,Dental insurance
3884938374,0,401(k)
3884938374,0,Pension plan
3884938374,0,Child care support
3884938374,0,Paid maternity leave
3884441232,0,Medical insurance
3884441232,0,Vision insurance
3884441232,0,Dental insurance
3884921126,1,401(k)
3884440405,0,Medical insurance
3884440405,0,Vision insurance
3884440405,0,Dental insurance
3884440405,0,401(k)
3887496480,1,401(k)
3887496480,1,Disability insurance
3884442162,0,Medical insurance
3884442162,0,Vision insurance
3884442162,0,Dental insurance
3884442162,0,401(k)
3884442162,0,Paid maternity leave
3884934443,1,401(k)
3884936354,1,401(k)
3884432826,1,401(k)
3884432826,1,Medical insurance
3887493793,1,401(k)
3884441796,0,Medical insurance
3884441796,0,Vision insurance
3884441796,0,Dental insurance
3884441796,0,401(k)
3884441796,0,Paid paternity leave
3884441796,0,Paid maternity leave
3884441796,0,Child care support
3884441796,0,Disability insurance
3884441796,0,Tuition assistance
3884434944,1,401(k)
3884438760,1,Tuition assistance
3884438760,1,401(k)
3884441141,0,Medical insurance
3884441141,0,Vision insurance
3884441141,0,Dental insurance
3884441141,0,401(k)
3884441141,0,Tuition assistance
3884441141,0,Disability insurance
3887711788,1,Medical insurance
3887712534,0,Medical insurance
3887712534,0,Vision insurance
3887712534,0,Dental insurance
3887712534,0,401(k)
3887724072,0,Medical insurance
3887724072,0,Vision insurance
3887724072,0,Dental insurance
3887724072,0,401(k)
3887724072,0,Paid maternity leave
3887724072,0,Paid paternity leave
3887724072,0,Disability insurance
3887718301,1,401(k)
3887498651,1,401(k)
3887498651,1,Pension plan
3884929729,1,401(k)
3884441321,1,401(k)
3884444605,1,401(k)
3884444605,1,Dental insurance
3884444605,1,Medical insurance
3884444605,1,Vision insurance
3884937037,0,Medical insurance
3884937037,0,Dental insurance
3884937037,0,401(k)
3884937037,0,Pension plan
3884937037,0,Paid maternity leave
3884937037,0,Paid paternity leave
3884937037,0,Tuition assistance
3884937037,0,Disability insurance
3887701059,1,401(k)
3887701059,1,Disability insurance
3887716066,1,Vision insurance
3887721206,1,Medical insurance
3887721206,1,Disability insurance
3887479111,1,401(k)
3884442997,0,Medical insurance
3884442997,0,Vision insurance
3884442997,0,Dental insurance
3884442997,0,Disability insurance
3887712571,1,401(k)
3887497608,1,401(k)
3887497608,1,Disability insurance
3884928960,1,Commuter benefits
3884928960,1,401(k)
3887700191,1,401(k)
3887700191,1,Medical insurance
3884431809,0,Medical insurance
3884431809,0,Vision insurance
3884431809,0,Dental insurance
3884431809,0,401(k)
3884431809,0,Paid maternity leave
3884431809,0,Paid paternity leave
3884431809,0,Tuition assistance
3884431809,0,Disability insurance
3887715508,1,Disability insurance
3887717110,0,Medical insurance
3887717110,0,Vision insurance
3887717110,0,Dental insurance
3887717110,0,401(k)
3887717110,0,Disability insurance
3887718124,1,401(k)
3887718124,1,Medical insurance
3887717163,1,401(k)
3887717163,1,Dental insurance
3887717163,1,Medical insurance
3887717163,1,Vision insurance
3884440738,1,401(k)
3887706153,1,Medical insurance
3887706153,1,Tuition assistance
3884439918,1,401(k)
3884436002,1,Dental insurance
3884436002,1,Disability insurance
3884437430,0,Medical insurance
3884437430,0,Dental insurance
3884437430,0,401(k)
3884437430,0,Paid paternity leave
3884437430,0,Paid maternity leave
3884498748,0,Medical insurance
3884498748,0,Vision insurance
3884498748,0,Dental insurance
3884498748,0,401(k)
3884442067,0,Medical insurance
3884442067,0,Vision insurance
3884442067,0,Dental insurance
3884442067,0,401(k)
3884442067,0,Tuition assistance
3884442067,0,Disability insurance
3887498346,1,401(k)
3887714661,1,Medical insurance
3887714661,1,401(k)
3884800655,0,Medical insurance
3884800655,0,Vision insurance
3884800655,0,Dental insurance
3884800655,0,401(k)
3884800655,0,Paid maternity leave
3887720633,0,Medical insurance
3887720633,0,Vision insurance
3887720633,0,Dental insurance
3887720633,0,401(k)
3887720633,0,Pension plan
3887712250,1,401(k)
3887496592,1,401(k)
3887496592,1,Disability insurance
3884934389,1,Commuter benefits
3884934389,1,401(k)
3884934389,1,Tuition assistance
3884443116,0,Medical insurance
3884443116,0,Vision insurance
3884443116,0,Dental insurance
3884443116,0,401(k)
3884443116,0,Child care support
3884443116,0,Paid maternity leave
3884443116,0,Paid paternity leave
3884443116,0,Commuter benefits
3884443116,0,Tuition assistance
3884443116,0,Disability insurance
3887477760,1,401(k)
3887477760,1,Vision insurance
3887837475,1,Disability insurance
3887837475,1,401(k)
3884928796,1,401(k)
3887715382,0,Vision insurance
3887715382,0,Dental insurance
3887715382,0,401(k)
3887715382,0,Paid paternity leave
3887715382,0,Paid maternity leave
3887715382,0,Medical insurance
3884994017,1,401(k)
3884438525,0,Medical insurance
3884438525,0,Vision insurance
3884438525,0,Dental insurance
3884438525,0,401(k)
3884802331,0,Medical insurance
3884802331,0,Vision insurance
3884802331,0,Dental insurance
3884802331,0,401(k)
3884802331,0,Paid maternity leave
3884802331,0,Paid paternity leave
3884802331,0,Disability insurance
3887700259,1,401(k)
3887700259,1,Medical insurance
3887700424,1,401(k)
3887704942,1,401(k)
3887704942,1,Vision insurance
3887720847,0,Medical insurance
3887720847,0,Vision insurance
3887720847,0,Dental insurance
3887720847,0,401(k)
3887720847,0,Disability insurance
3887720847,0,Tuition assistance
3884934417,0,Medical insurance
3884934417,0,Vision insurance
3884934417,0,Dental insurance
3884934417,0,401(k)
3884934417,0,Tuition assistance
3884934417,0,Disability insurance
3887836565,1,Disability insurance
3887836565,1,401(k)
3887480528,0,Medical insurance
3887480528,0,Vision insurance
3887480528,0,Dental insurance
3887480528,0,401(k)
3887480528,0,Tuition assistance
3887837646,0,Medical insurance
3887837646,0,Vision insurance
3887837646,0,Dental insurance
3887837646,0,401(k)
3887499529,1,401(k)
3887499529,1,Disability insurance
3887710723,1,Disability insurance
3887710723,1,401(k)
3884932599,1,Commuter benefits
3884932599,1,401(k)
3884437737,1,Disability insurance
3884437737,1,401(k)
3884433956,0,Medical insurance
3884433956,0,Vision insurance
3884433956,0,Dental insurance
3887710924,0,Medical insurance
3887710924,0,Vision insurance
3887710924,0,Dental insurance
3887710924,0,401(k)
3887710924,0,Paid maternity leave
3887710924,0,Paid paternity leave
3887710924,0,Commuter benefits
3887710924,0,Student loan assistance
3887710924,0,Disability insurance
3887710924,0,Tuition assistance
3884498907,0,Medical insurance
3884498907,0,Vision insurance
3884498907,0,Dental insurance
3884498907,0,401(k)
3884498907,0,Child care support
3884498907,0,Paid paternity leave
